[
{"name":"[<AppDelegate: 0x6180000281c0>]application:didFinishLaunchingWithOptions:","cat":"catname","ph":"B","pid":666,"tid":760766,"ts":20253},
{"name":"[<AppDelegate: 0x6180000281c0>]levelOne","cat":"catname","ph":"B","pid":666,"tid":760766,"ts":332929},
{"name":"dispatch_global","cat":"catname","ph":"B","pid":666,"tid":760857,"ts":340585},
{"name":"[<ThreadTest: 0x6100000035c0>]go","cat":"catname","ph":"B","pid":666,"tid":760857,"ts":375820},
{"name":"[<AppDelegate: 0x6180000281c0>]levelTwo","cat":"catname","ph":"B","pid":666,"tid":760766,"ts":440599},
{"name":"[<ThreadTest: 0x6100000035c0>]goOne","cat":"catname","ph":"B","pid":666,"tid":760857,"ts":442119},
{"name":"[<ThreadTest: 0x6100000035c0>]goTwo","cat":"catname","ph":"B","pid":666,"tid":760857,"ts":453507},
{"name":"[<ThreadTest: 0x6100000035c0>]goLoop","cat":"catname","ph":"B","pid":666,"tid":760857,"ts":460752},
{"name":"[<ThreadTest: 0x6100000035c0>]goLoop","cat":"catname","ph":"E","pid":666,"tid":760857,"ts":498032},
{"name":"[<ThreadTest: 0x6100000035c0>]goLoop","cat":"catname","ph":"B","pid":666,"tid":760857,"ts":504963},
{"name":"[<AppDelegate: 0x6180000281c0>]levelThree","cat":"catname","ph":"B","pid":666,"tid":760766,"ts":512159},
{"name":"[<ThreadTest: 0x6100000035c0>]goLoop","cat":"catname","ph":"E","pid":666,"tid":760857,"ts":536238},
{"name":"[<ThreadTest: 0x6100000035c0>]goLoop","cat":"catname","ph":"B","pid":666,"tid":760857,"ts":542440},
{"name":"[<ThreadTest: 0x6100000035c0>]goLoop","cat":"catname","ph":"E","pid":666,"tid":760857,"ts":577444},
{"name":"[<ThreadTest: 0x6100000035c0>]goLoop","cat":"catname","ph":"B","pid":666,"tid":760857,"ts":583478},
{"name":"[AppDelegate]staticMethod:","cat":"catname","ph":"B","pid":666,"tid":760766,"ts":608715},
{"name":"[<ThreadTest: 0x6100000035c0>]goLoop","cat":"catname","ph":"E","pid":666,"tid":760857,"ts":618561},
{"name":"[<ThreadTest: 0x6100000035c0>]goLoop","cat":"catname","ph":"B","pid":666,"tid":760857,"ts":627011},
{"name":"[<ThreadTest: 0x6100000035c0>]goLoop","cat":"catname","ph":"E","pid":666,"tid":760857,"ts":664196},
{"name":"[<ThreadTest: 0x6100000035c0>]goLoop","cat":"catname","ph":"B","pid":666,"tid":760857,"ts":669979},
{"name":"[<ThreadTest: 0x6100000035c0>]goLoop","cat":"catname","ph":"E","pid":666,"tid":760857,"ts":704855},
{"name":"[<ThreadTest: 0x6100000035c0>]goLoop","cat":"catname","ph":"B","pid":666,"tid":760857,"ts":710674},
{"name":"[AppDelegate]staticMethod:","cat":"catname","ph":"E","pid":666,"tid":760766,"ts":742446},
{"name":"[<ThreadTest: 0x6100000035c0>]goLoop","cat":"catname","ph":"E","pid":666,"tid":760857,"ts":745809},
{"name":"[<ThreadTest: 0x6100000035c0>]goLoop","cat":"catname","ph":"B","pid":666,"tid":760857,"ts":757141},
{"name":"[<AppDelegate: 0x6180000281c0>]levelThree","cat":"catname","ph":"E","pid":666,"tid":760766,"ts":760393},
{"name":"[<AppDelegate: 0x6180000281c0>]levelTwo","cat":"catname","ph":"E","pid":666,"tid":760766,"ts":767422},
{"name":"[<AppDelegate: 0x6180000281c0>]levelOne","cat":"catname","ph":"E","pid":666,"tid":760766,"ts":774461},
{"name":"[<AppDelegate: 0x6180000281c0>]application:didFinishLaunchingWithOptions:","cat":"catname","ph":"E","pid":666,"tid":760766,"ts":781545},
{"name":"[<ThreadTest: 0x6100000035c0>]goLoop","cat":"catname","ph":"E","pid":666,"tid":760857,"ts":791547},
{"name":"[<ThreadTest: 0x6100000035c0>]goLoop","cat":"catname","ph":"B","pid":666,"tid":760857,"ts":795844},
{"name":"[<ThreadTest: 0x6100000035c0>]goLoop","cat":"catname","ph":"E","pid":666,"tid":760857,"ts":851816},
{"name":"[<ThreadTest: 0x6100000035c0>]goLoop","cat":"catname","ph":"B","pid":666,"tid":760857,"ts":863423},
{"name":"[<ThreadTest: 0x6100000035c0>]goLoop","cat":"catname","ph":"E","pid":666,"tid":760857,"ts":905241},
{"name":"[<ThreadTest: 0x6100000035c0>]goTwo","cat":"catname","ph":"E","pid":666,"tid":760857,"ts":913857},
{"name":"[<ThreadTest: 0x6100000035c0>]goOne","cat":"catname","ph":"E","pid":666,"tid":760857,"ts":917997},
{"name":"[<ThreadTest: 0x6100000035c0>]go","cat":"catname","ph":"E","pid":666,"tid":760857,"ts":922791},
{"name":"dispatch_global","cat":"catname","ph":"E","pid":666,"tid":760857,"ts":928371},
